Country,Revenue,Orders,Customers,Quantity
United Kingdom,8736254.593,17904,3916,4639150
Netherlands,283889.34,93,9,200258
EIRE,270850.86,282,3,146896
Germany,205381.15,443,94,118032
France,184493.0,382,87,111226
Australia,138103.81,56,9,83890
Spain,55706.56,88,30,27724
Switzerland,53065.6,50,21,30515
Japan,37416.369999999995,19,8,26016
Belgium,36927.34,98,25,22962
Sweden,36828.83,34,8,36037
Norway,32454.64,32,10,19276
Portugal,26951.11,50,19,16126
Channel Islands,19997.54,25,9,9481
Finland,18344.88,40,12,10608
Denmark,18211.34,18,9,8193
Italy,15820.24,35,14,8067
Cyprus,13167.16,14,8,6338
Hong Kong,9744.19,7,0,4708
Singapore,9120.39,4,1,5234
Austria,8742.68,17,11,4844
Israel,8129.41,8,3,4406
Poland,6974.65,19,6,3675
Unspecified,4740.94,13,4,3295
Greece,4425.52,5,4,1550
Iceland,4310.0,7,1,2458
USA,3580.39,5,4,2458
Canada,3115.44,5,4,2762
Malta,2070.59,5,2,958
United Arab Emirates,1864.78,2,2,981
Lebanon,1693.88,1,1,386
Lithuania,1661.06,4,1,652
European Community,1159.25,3,1,490
Brazil,1143.6,1,1,356
RSA,1002.3100000000001,1,1,351
Czech Republic,786.74,2,1,670
Bahrain,754.14,3,2,314
Saudi Arabia,145.92,1,1,80
